{
	"name": "Dotton_Font_Condensed_jaJP",
	"mapping": {
		"A": 97,
		"B": 98,
		"C": 99,
		"D": 100,
		"E": 101,
		"F": 102,
		"G": 103,
		"H": 104,
		"I": 105,
		"J": 106,
		"K": 107,
		"L": 108,
		"M": 109,
		"N": 110,
		"O": 111,
		"P": 112,
		"Q": 113,
		"R": 114,
		"S": 115,
		"T": 116,
		"U": 117,
		"V": 118,
		"W": 119,
		"X": 120,
		"Y": 121,
		"Z": 122,
		 
		"ぁ": 96,
		"あ": 65,
		"ぃ": 66,
		"い": 67,
		"ぅ": 68,
		"う": 69,
		"ぇ": 70,
		"え": 71,
		"ぉ": 72,
		"お": 73,

		"か": 74,
		"が": 75,
		"き": 76,
		"ぎ": 77,
		"く": 78,
		"ぐ": 79,
		"け": 80,
		"げ": 81,
		"こ": 82,
		"ご": 83,

		"さ": 84,
		"ざ": 85,
		"し": 86,
		"じ": 87,
		"す": 88,
		"ず": 89,
		"せ": 90,
		"ぜ": 123,
		"そ": 124,
		"ぞ": 125,

		"た": 126,
		"だ": 127,
		"ち": 128,
		"ぢ": 129,
		"っ": 130,
		"つ": 131,
		"づ": 132,
		"て": 133,
		"で": 134,
		"と": 135,
		"ど": 136,

		"な": 137,
		"に": 138,
		"ぬ": 139,
		"ね": 140,
		"の": 141,

		"は": 142,
		"ば": 143,
		"ぱ": 144,
		"ひ": 145,
		"び": 146,
		"ぴ": 147,
		"ふ": 148,
		"ぶ": 149,
		"ぷ": 150,
		"へ": 151,
		"べ": 152,
		"ぺ": 153,
		"ほ": 154,
		"ぼ": 155,
		"ぽ": 156,

		"ま": 157,
		"み": 158,
		"む": 159,
		"め": 160,
		"も": 161,

		"ゃ": 162,
		"や": 163,
		"ゅ": 164,
		"ゆ": 165,
		"ょ": 166,
		"よ": 167,

		"ら": 168,
		"り": 169,
		"る": 170,
		"れ": 171,
		"ろ": 172,

		"わ": 173,
		"を": 174,
		"ん": 175,
		"ゔ": 97,

		"ァ": 179,
		"ア": 180,
		"ィ": 181,
		"イ": 182,
		"ゥ": 183,
		"ウ": 184,
		"ェ": 185,
		"エ": 186,
		"ォ": 187,
		"オ": 188,

		"カ": 189,
		"ガ": 190,
		"キ": 191,
		"ギ": 192,
		"ク": 193,
		"グ": 194,
		"ケ": 195,
		"ゲ": 196,
		"コ": 197,
		"ゴ": 198,

		"サ": 199,
		"ザ": 200,
		"シ": 201,
		"ジ": 202,
		"ス": 203,
		"ズ": 204,
		"セ": 205,
		"ゼ": 206,
		"ソ": 207,
		"ゾ": 208,

		"タ": 209,
		"ダ": 210,
		"チ": 211,
		"ヂ": 212,
		"ッ": 213,
		"ツ": 214,
		"ヅ": 215,
		"テ": 216,
		"デ": 217,
		"ト": 218,
		"ド": 219,
		
		"ナ": 220,
		"ニ": 221,
		"ヌ": 222,
		"ネ": 223,
		"ノ": 224,
		
		"ハ": 225,
		"バ": 226,
		"パ": 227,
		"ヒ": 228,
		"ビ": 229,
		"ピ": 230,
		"フ": 231,
		"ブ": 232,
		"プ": 233,
		"ヘ": 234,
		"ベ": 235,
		"ペ": 236,
		"ホ": 237,
		"ボ": 238,
		"ポ": 239,
		
		"マ": 240,
		"ミ": 241,
		"ム": 242,
		"メ": 243,
		"モ": 244,
		
		"ャ": 245,
		"ヤ": 246,
		"ュ": 247,
		"ユ": 248,
		"ョ": 249,
		"ヨ": 250,
		
		"ラ": 251,
		"リ": 252,
		"ル": 253,
		"レ": 254,
		"ロ": 255,
		
		"ワ": 176,
		"ヲ": 177,
		"ン": 178,
		"ヴ": 97,
		
		"！": 33,
		"'": 34,
		"＃": 35,
		"￥": 36,
		"　": 37,
		"〜": 39,
		"（": 40,
		"）": 41,
		"、": 42,
		"。": 43,
		"ー": 45,
		"－": 45,
		"／": 47,
		
		"０": 48,
		"１": 49,
		"２": 50,
		"３": 51,
		"４": 52,
		"５": 53,
		"６": 54,
		"７": 55,
		"８": 56,
		"９": 57,
		
		"＄": 60,
		"＝": 61,
		"♪": 62,
		"？": 63,
		"@": 64,
		"『": 91,
		"・": 92,
		"』": 93,
		"ヴ": 94,
		"…": 95
	}
}
